Location,Total views
Greater Boston Area,8
"Albuquerque, New Mexico Area",3
"Houston, Texas Area",5
Greater Los Angeles Area,2
Greater Atlanta Area,1
Greater New York City Area,5
Greater Philadelphia Area,7
"Portland, Oregon Area",4
Washington D.C. Metro Area,13
"Birmingham, Alabama Area",1
"Bismarck, North Dakota Area",3
"Charleston, South Carolina Area",1
"Columbia, Missouri Area",4
"Dayton, Ohio Area",2
"Fort Wayne, Indiana Area",2
Greater Omaha Area,5
"Orlando, Florida Area",3
"Richmond, Virginia Area",1
"Tampa/St. Petersburg, Florida Area",3
"Topeka, Kansas Area",3
"Tucson, Arizona Area",2
"Hyderabad Area, India",1
"Bhimavaram Area, India",4
"Patna Area, India",2
"Bengaluru Area, India",1
"Mumbai Area, India",1
"New Delhi Area, India",2
"Indore Area, India",2
"Baltimore, Maryland Area",2
"Region XIII - Caraga, Philippines",1
