Industry,Total views
Software Development,9
"Technology, Information and Internet",2
Business Consulting and Services,10
Medical Practices,11
Hospitals and Health Care,13
Medical Equipment Manufacturing,1
Insurance,5
Financial Services,4
Investment Management,6
Mining,1
Primary and Secondary Education,4
Higher Education,12
Education Administration Programs,1
Armed Forces,4
Public Policy Offices,1
Advertising Services,1
IT Services and IT Consulting,13
Design Services,1
Staffing and Recruiting,3
Professional Training and Coaching,2
Outsourcing and Offshoring Consulting,2
Wellness and Fitness Services,6
Alternative Medicine,1
Think Tanks,1
Human Resources Services,3
Mental Health Care,3
Biomass Electric Power Generation,3
Insurance Carriers,5
Executive Search Services,1
Hospitals,9
Health and Human Services,1
IT System Custom Software Development,4
Internet Publishing,1
